attack,base_happiness,capture_rate,defense,height_m,hp,name,pokedex_number,speed,type1,weight_kg,is_legendary
49,70,45,49,0.7,45,Bulbasaur,1,45,grass,6.9,False
62,70,45,63,1.0,60,Ivysaur,2,60,grass,13.0,False
100,70,45,123,2.0,80,Venusaur,3,80,grass,100.0,False
52,70,45,43,0.6,39,Charmander,4,65,fire,8.5,False
64,70,45,58,1.1,58,Charmeleon,5,80,fire,19.0,False
104,70,45,78,1.7,78,Charizard,6,100,fire,90.5,False
48,70,45,65,0.5,44,Squirtle,7,43,water,9.0,False
63,70,45,80,1.0,59,Wartortle,8,58,water,22.5,False
103,70,45,120,1.6,79,Blastoise,9,78,water,85.5,False
30,70,255,35,0.3,45,Caterpie,10,45,bug,2.9,False
20,70,120,55,0.7,50,Metapod,11,30,bug,9.9,False
45,70,45,50,1.1,60,Butterfree,12,70,bug,32.0,False
35,70,255,30,0.3,40,Weedle,13,50,bug,3.2,False
25,70,120,50,0.6,45,Kakuna,14,35,bug,10.0,False
150,70,45,40,1.0,65,Beedrill,15,145,bug,29.5,False
45,70,255,40,0.3,40,Pidgey,16,56,normal,1.8,False
60,70,120,55,1.1,63,Pidgeotto,17,71,normal,30.0,False
80,70,45,80,1.5,83,Pidgeot,18,121,normal,39.5,False
60,70,255,30,0.3,40,Spearow,21,70,normal,2.0,False
90,70,90,65,1.2,65,Fearow,22,100,normal,38.0,False
60,70,255,44,2.0,35,Ekans,23,55,poison,6.9,False
95,70,90,69,3.5,60,Arbok,24,80,poison,65.0,False
55,70,190,40,0.4,35,Pikachu,25,90,electric,6.0,False
47,70,235,52,0.4,55,Nidoran♀,29,41,poison,7.0,False
62,70,120,67,0.8,70,Nidorina,30,56,poison,20.0,False
92,70,45,87,1.3,90,Nidoqueen,31,76,poison,60.0,False
57,70,235,40,0.5,46,Nidoran♂,32,50,poison,9.0,False
72,70,120,57,0.9,61,Nidorino,33,65,poison,19.5,False
102,70,45,77,1.4,81,Nidoking,34,85,poison,62.0,False
45,140,150,48,0.6,70,Clefairy,35,35,fairy,7.5,False
70,140,25,73,1.3,95,Clefable,36,60,fairy,40.0,False
45,70,170,20,0.5,115,Jigglypuff,39,20,normal,5.5,False
70,70,50,45,1.0,140,Wigglytuff,40,45,normal,12.0,False
45,70,255,35,0.8,40,Zubat,41,55,poison,7.5,False
80,70,90,70,1.6,75,Golbat,42,90,poison,55.0,False
50,70,255,55,0.5,45,Oddish,43,30,grass,5.4,False
65,70,120,70,0.8,60,Gloom,44,40,grass,8.6,False
80,70,45,85,1.2,75,Vileplume,45,50,grass,18.6,False
70,70,190,55,0.3,35,Paras,46,25,bug,5.4,False
95,70,75,80,1.0,60,Parasect,47,30,bug,29.5,False
55,70,190,50,1.0,60,Venonat,48,45,bug,30.0,False
65,70,75,60,1.5,70,Venomoth,49,90,bug,12.5,False
52,70,190,48,0.8,50,Psyduck,54,55,water,19.6,False
82,70,75,78,1.7,80,Golduck,55,85,water,76.6,False
80,70,190,35,0.5,40,Mankey,56,70,fighting,28.0,False
105,70,75,60,1.0,65,Primeape,57,95,fighting,32.0,False
70,70,190,45,0.7,55,Growlithe,58,60,fire,19.0,False
110,70,75,80,1.9,90,Arcanine,59,95,fire,155.0,False
50,70,255,40,0.6,40,Poliwag,60,90,water,12.4,False
65,70,120,65,1.0,65,Poliwhirl,61,90,water,20.0,False
95,70,45,95,1.3,90,Poliwrath,62,70,water,54.0,False
20,70,200,15,0.9,25,Abra,63,90,psychic,19.5,False
35,70,100,30,1.3,40,Kadabra,64,105,psychic,56.5,False
50,70,50,65,1.5,55,Alakazam,65,150,psychic,48.0,False
80,70,180,50,0.8,70,Machop,66,35,fighting,19.5,False
100,70,90,70,1.5,80,Machoke,67,45,fighting,70.5,False
130,70,45,80,1.6,90,Machamp,68,55,fighting,130.0,False
75,70,255,35,0.7,50,Bellsprout,69,40,grass,4.0,False
90,70,120,50,1.0,65,Weepinbell,70,55,grass,6.4,False
105,70,45,65,1.7,80,Victreebel,71,70,grass,15.5,False
40,70,190,35,0.9,40,Tentacool,72,70,water,45.5,False
70,70,60,65,1.6,80,Tentacruel,73,100,water,55.0,False
85,70,190,55,1.0,50,Ponyta,77,90,fire,30.0,False
100,70,60,70,1.7,65,Rapidash,78,105,fire,95.0,False
65,70,190,65,1.2,90,Slowpoke,79,15,water,36.0,False
75,70,75,180,1.6,95,Slowbro,80,30,water,78.5,False
35,70,190,70,0.3,25,Magnemite,81,45,electric,6.0,False
60,70,60,95,1.0,50,Magneton,82,70,electric,60.0,False
90,70,45,55,0.8,52,Farfetch'd,83,60,normal,15.0,False
85,70,190,45,1.4,35,Doduo,84,75,normal,39.2,False
110,70,45,70,1.8,60,Dodrio,85,110,normal,85.2,False
45,70,190,55,1.1,65,Seel,86,45,water,90.0,False
70,70,75,80,1.7,90,Dewgong,87,70,water,120.0,False
65,70,190,100,0.3,30,Shellder,90,40,water,4.0,False
95,70,60,180,1.5,50,Cloyster,91,70,water,132.5,False
35,70,190,30,1.3,30,Gastly,92,80,ghost,0.1,False
50,70,90,45,1.6,45,Haunter,93,95,ghost,0.1,False
65,70,45,80,1.5,60,Gengar,94,130,ghost,40.5,False
45,70,45,160,8.8,35,Onix,95,70,rock,210.0,False
48,70,190,45,1.0,60,Drowzee,96,42,psychic,32.4,False
73,70,75,70,1.6,85,Hypno,97,67,psychic,75.6,False
105,70,225,90,0.4,30,Krabby,98,50,water,6.5,False
130,70,60,115,1.3,55,Kingler,99,75,water,60.0,False
30,70,190,50,0.5,40,Voltorb,100,100,electric,10.4,False
50,70,60,70,1.2,60,Electrode,101,150,electric,66.6,False
40,70,90,80,0.4,60,Exeggcute,102,40,grass,2.5,False
50,70,190,95,0.4,50,Cubone,104,35,ground,6.5,False
120,70,45,53,1.5,50,Hitmonlee,106,87,fighting,49.8,False
105,70,45,79,1.4,50,Hitmonchan,107,76,fighting,50.2,False
55,70,45,75,1.2,90,Lickitung,108,30,normal,65.5,False
65,70,190,95,0.6,40,Koffing,109,35,poison,1.0,False
90,70,60,120,1.2,65,Weezing,110,60,poison,9.5,False
85,70,120,95,1.0,80,Rhyhorn,111,25,ground,115.0,False
130,70,60,120,1.9,105,Rhydon,112,40,ground,120.0,False
5,140,30,5,1.1,250,Chansey,113,50,normal,34.6,False
55,70,45,115,1.0,65,Tangela,114,60,grass,35.0,False
125,70,45,100,2.2,105,Kangaskhan,115,100,normal,80.0,False
40,70,225,70,0.4,30,Horsea,116,60,water,8.0,False
65,70,75,95,1.2,55,Seadra,117,85,water,25.0,False
67,70,225,60,0.6,45,Goldeen,118,63,water,15.0,False
92,70,60,65,1.3,80,Seaking,119,68,water,39.0,False
45,70,225,55,0.8,30,Staryu,120,85,water,34.5,False
75,70,60,85,1.1,60,Starmie,121,115,water,80.0,False
45,70,45,65,1.3,40,Mr. Mime,122,90,psychic,54.5,False
110,70,45,80,1.5,70,Scyther,123,105,bug,56.0,False
50,70,45,35,1.4,65,Jynx,124,95,ice,40.6,False
83,70,45,57,1.1,65,Electabuzz,125,105,electric,30.0,False
95,70,45,57,1.3,65,Magmar,126,93,fire,44.5,False
155,70,45,120,1.5,65,Pinsir,127,105,bug,55.0,False
100,70,45,95,1.4,75,Tauros,128,110,normal,88.4,False
10,70,255,55,0.9,20,Magikarp,129,80,water,10.0,False
155,70,45,109,6.5,95,Gyarados,130,81,water,235.0,False
85,70,45,80,2.5,130,Lapras,131,60,water,220.0,False
48,70,35,48,0.3,48,Ditto,132,48,normal,4.0,False
55,70,45,50,0.3,55,Eevee,133,55,normal,6.5,False
65,70,45,60,1.0,130,Vaporeon,134,65,water,29.0,False
65,70,45,60,0.8,65,Jolteon,135,130,electric,24.5,False
130,70,45,60,0.9,65,Flareon,136,65,fire,25.0,False
60,70,45,70,0.8,65,Porygon,137,40,normal,36.5,False
40,70,45,100,0.4,35,Omanyte,138,35,rock,7.5,False
60,70,45,125,1.0,70,Omastar,139,55,rock,35.0,False
80,70,45,90,0.5,30,Kabuto,140,55,rock,11.5,False
115,70,45,105,1.3,60,Kabutops,141,80,rock,40.5,False
135,70,45,85,1.8,80,Aerodactyl,142,150,rock,59.0,False
110,70,25,65,2.1,160,Snorlax,143,30,normal,460.0,False
85,35,3,100,1.7,90,Articuno,144,85,ice,55.4,True
90,35,3,85,1.6,90,Zapdos,145,100,electric,52.6,True
100,35,3,90,2.0,90,Moltres,146,90,fire,60.0,True
64,35,45,45,1.8,41,Dratini,147,50,dragon,3.3,False
84,35,45,65,4.0,61,Dragonair,148,70,dragon,16.5,False
134,35,45,95,2.2,91,Dragonite,149,80,dragon,210.0,False
150,0,3,70,2.0,106,Mewtwo,150,140,psychic,122.0,True
100,100,45,100,0.4,100,Mew,151,100,psychic,4.0,True
49,70,45,65,0.9,45,Chikorita,152,45,grass,6.4,False
62,70,45,80,1.2,60,Bayleef,153,60,grass,15.8,False
82,70,45,100,1.8,80,Meganium,154,80,grass,100.5,False
52,70,45,43,0.5,39,Cyndaquil,155,65,fire,7.9,False
64,70,45,58,0.9,58,Quilava,156,80,fire,19.0,False
84,70,45,78,1.7,78,Typhlosion,157,100,fire,79.5,False
65,70,45,64,0.6,50,Totodile,158,43,water,9.5,False
80,70,45,80,1.1,65,Croconaw,159,58,water,25.0,False
105,70,45,100,2.3,85,Feraligatr,160,78,water,88.8,False
46,70,255,34,0.8,35,Sentret,161,20,normal,6.0,False
76,70,90,64,1.8,85,Furret,162,90,normal,32.5,False
30,70,255,30,0.7,60,Hoothoot,163,50,normal,21.2,False
50,70,90,50,1.6,100,Noctowl,164,70,normal,40.8,False
20,70,255,30,1.0,40,Ledyba,165,55,bug,10.8,False
35,70,90,50,1.4,55,Ledian,166,85,bug,35.6,False
60,70,255,40,0.5,40,Spinarak,167,30,bug,8.5,False
90,70,90,70,1.1,70,Ariados,168,40,bug,33.5,False
90,70,90,80,1.8,85,Crobat,169,130,poison,75.0,False
38,70,190,38,0.5,75,Chinchou,170,67,water,12.0,False
58,70,75,58,1.2,125,Lanturn,171,67,water,22.5,False
40,70,190,15,0.3,20,Pichu,172,60,electric,2.0,False
25,140,150,28,0.3,50,Cleffa,173,15,fairy,3.0,False
30,70,170,15,0.3,90,Igglybuff,174,15,normal,1.0,False
20,70,190,65,0.3,35,Togepi,175,20,fairy,1.5,False
40,70,75,85,0.6,55,Togetic,176,40,fairy,3.2,False
50,70,190,45,0.2,40,Natu,177,70,psychic,2.0,False
75,70,75,70,1.5,65,Xatu,178,95,psychic,15.0,False
40,70,235,40,0.6,55,Mareep,179,35,electric,7.8,False
55,70,120,55,0.8,70,Flaaffy,180,45,electric,13.3,False
95,70,45,105,1.4,90,Ampharos,181,45,electric,61.5,False
80,70,45,95,0.4,75,Bellossom,182,50,grass,5.8,False
20,70,190,50,0.4,70,Marill,183,40,water,8.5,False
50,70,75,80,0.8,100,Azumarill,184,50,water,28.5,False
100,70,65,115,1.2,70,Sudowoodo,185,30,rock,38.0,False
75,70,45,75,1.1,90,Politoed,186,70,water,33.9,False
35,70,255,40,0.4,35,Hoppip,187,50,grass,0.5,False
45,70,120,50,0.6,55,Skiploom,188,80,grass,1.0,False
55,70,45,70,0.8,75,Jumpluff,189,110,grass,3.0,False
70,70,45,55,0.8,55,Aipom,190,85,normal,11.5,False
30,70,235,30,0.3,30,Sunkern,191,30,grass,1.8,False
75,70,120,55,0.8,75,Sunflora,192,30,grass,8.5,False
65,70,75,45,1.2,65,Yanma,193,95,bug,38.0,False
45,70,255,45,0.4,55,Wooper,194,15,water,8.5,False
85,70,90,85,1.4,95,Quagsire,195,35,water,75.0,False
65,70,45,60,0.9,65,Espeon,196,110,psychic,26.5,False
65,35,45,110,1.0,95,Umbreon,197,65,dark,27.0,False
85,35,30,42,0.5,60,Murkrow,198,91,dark,2.1,False
75,70,70,80,2.0,95,Slowking,199,30,water,79.5,False
60,35,45,60,0.7,60,Misdreavus,200,85,ghost,1.0,False
72,70,225,48,0.5,48,Unown,201,48,psychic,5.0,False
33,70,45,58,1.3,190,Wobbuffet,202,33,psychic,28.5,False
80,70,60,65,1.5,70,Girafarig,203,85,normal,41.5,False
65,70,190,90,0.6,50,Pineco,204,15,bug,7.2,False
90,70,75,140,1.2,75,Forretress,205,40,bug,125.8,False
70,70,190,70,1.5,100,Dunsparce,206,45,normal,14.0,False
75,70,60,105,1.1,65,Gligar,207,85,ground,64.8,False
125,70,25,230,9.2,75,Steelix,208,30,steel,400.0,False
80,70,190,50,0.6,60,Snubbull,209,30,fairy,7.8,False
120,70,75,75,1.4,90,Granbull,210,45,fairy,48.7,False
95,70,45,85,0.5,65,Qwilfish,211,85,water,3.9,False
150,70,25,140,1.8,70,Scizor,212,75,bug,118.0,False
10,70,190,230,0.6,20,Shuckle,213,5,bug,20.5,False
185,70,45,115,1.5,80,Heracross,214,75,bug,54.0,False
95,35,60,55,0.9,55,Sneasel,215,115,dark,28.0,False
80,70,120,50,0.6,60,Teddiursa,216,40,normal,8.8,False
130,70,60,75,1.8,90,Ursaring,217,55,normal,125.8,False
40,70,190,40,0.7,40,Slugma,218,20,fire,35.0,False
50,70,75,120,0.8,60,Magcargo,219,30,fire,55.0,False
50,70,225,40,0.4,50,Swinub,220,50,ice,6.5,False
100,70,75,80,1.1,100,Piloswine,221,50,ice,55.8,False
55,70,60,95,0.6,65,Corsola,222,35,water,5.0,False
65,70,190,35,0.6,35,Remoraid,223,65,water,12.0,False
105,70,75,75,0.9,75,Octillery,224,45,water,28.5,False
55,70,45,45,0.9,45,Delibird,225,75,ice,16.0,False
40,70,25,70,2.1,85,Mantine,226,70,water,220.0,False
80,70,25,140,1.7,65,Skarmory,227,70,steel,50.5,False
60,35,120,30,0.6,45,Houndour,228,65,dark,10.8,False
90,35,45,90,1.4,75,Houndoom,229,115,dark,35.0,False
95,70,45,95,1.8,75,Kingdra,230,85,water,152.0,False
60,70,120,60,0.5,90,Phanpy,231,40,ground,33.5,False
120,70,60,120,1.1,90,Donphan,232,50,ground,120.0,False
80,70,45,90,0.6,85,Porygon2,233,60,normal,32.5,False
95,70,45,62,1.4,73,Stantler,234,85,normal,71.2,False
20,70,45,35,1.2,55,Smeargle,235,75,normal,58.0,False
35,70,75,35,0.7,35,Tyrogue,236,35,fighting,21.0,False
95,70,45,95,1.4,50,Hitmontop,237,70,fighting,48.0,False
30,70,45,15,0.4,45,Smoochum,238,65,ice,6.0,False
63,70,45,37,0.6,45,Elekid,239,95,electric,23.5,False
75,70,45,37,0.7,45,Magby,240,83,fire,21.4,False
80,70,45,105,1.2,95,Miltank,241,100,normal,75.5,False
10,140,30,10,1.5,255,Blissey,242,55,normal,46.8,False
85,35,3,75,1.9,90,Raikou,243,115,electric,178.0,True
115,35,3,85,2.1,115,Entei,244,100,fire,198.0,True
75,35,3,115,2.0,100,Suicune,245,85,water,187.0,True
64,35,45,50,0.6,50,Larvitar,246,41,rock,72.0,False
84,35,45,70,1.2,70,Pupitar,247,51,rock,152.0,False
164,35,45,150,2.0,100,Tyranitar,248,71,rock,202.0,False
90,0,3,130,5.2,106,Lugia,249,110,psychic,216.0,True
130,0,3,90,3.8,106,Ho-Oh,250,90,fire,199.0,True
100,100,45,100,0.6,100,Celebi,251,100,psychic,5.0,True
45,70,45,35,0.5,40,Treecko,252,70,grass,5.0,False
65,70,45,45,0.9,50,Grovyle,253,95,grass,21.6,False
110,70,45,75,1.7,70,Sceptile,254,145,grass,52.2,False
60,70,45,40,0.4,45,Torchic,255,45,fire,2.5,False
85,70,45,60,0.9,60,Combusken,256,55,fire,19.5,False
160,70,45,80,1.9,80,Blaziken,257,100,fire,52.0,False
70,70,45,50,0.4,50,Mudkip,258,40,water,7.6,False
85,70,45,70,0.7,70,Marshtomp,259,50,water,28.0,False
150,70,45,110,1.5,100,Swampert,260,70,water,81.9,False
55,70,255,35,0.5,35,Poochyena,261,35,dark,13.6,False
90,70,127,70,1.0,70,Mightyena,262,70,dark,37.0,False
30,70,255,41,0.4,38,Zigzagoon,263,60,normal,17.5,False
70,70,90,61,0.5,78,Linoone,264,100,normal,32.5,False
45,70,255,35,0.3,45,Wurmple,265,20,bug,3.6,False
35,70,120,55,0.6,50,Silcoon,266,15,bug,10.0,False
70,70,45,50,1.0,60,Beautifly,267,65,bug,28.4,False
35,70,120,55,0.7,50,Cascoon,268,15,bug,11.5,False
50,70,45,70,1.2,60,Dustox,269,65,bug,31.6,False
30,70,255,30,0.5,40,Lotad,270,30,water,2.6,False
50,70,120,50,1.2,60,Lombre,271,50,water,32.5,False
70,70,45,70,1.5,80,Ludicolo,272,70,water,55.0,False
40,70,255,50,0.5,40,Seedot,273,30,grass,4.0,False
70,70,120,40,1.0,70,Nuzleaf,274,60,grass,28.0,False
100,70,45,60,1.3,90,Shiftry,275,80,grass,59.6,False
55,70,200,30,0.3,40,Taillow,276,85,normal,2.3,False
85,70,45,60,0.7,60,Swellow,277,125,normal,19.8,False
30,70,190,30,0.6,40,Wingull,278,85,water,9.5,False
50,70,45,100,1.2,60,Pelipper,279,65,water,28.0,False
25,35,235,25,0.4,28,Ralts,280,40,psychic,6.6,False
35,35,120,35,0.8,38,Kirlia,281,50,psychic,20.2,False
85,35,45,65,1.6,68,Gardevoir,282,100,psychic,48.4,False
30,70,200,32,0.5,40,Surskit,283,65,bug,1.7,False
60,70,75,62,0.8,70,Masquerain,284,80,bug,3.6,False
40,70,255,60,0.4,60,Shroomish,285,35,grass,4.5,False
130,70,90,80,1.2,60,Breloom,286,70,grass,39.2,False
60,70,255,60,0.8,60,Slakoth,287,30,normal,24.0,False
80,70,120,80,1.4,80,Vigoroth,288,90,normal,46.5,False
160,70,45,100,2.0,150,Slaking,289,100,normal,130.5,False
45,70,255,90,0.5,31,Nincada,290,40,bug,5.5,False
90,70,120,45,0.8,61,Ninjask,291,160,bug,12.0,False
90,70,45,45,0.8,1,Shedinja,292,40,bug,1.2,False
51,70,190,23,0.6,64,Whismur,293,28,normal,16.3,False
71,70,120,43,1.0,84,Loudred,294,48,normal,40.5,False
91,70,45,63,1.5,104,Exploud,295,68,normal,84.0,False
60,70,180,30,1.0,72,Makuhita,296,25,fighting,86.4,False
120,70,200,60,2.3,144,Hariyama,297,50,fighting,253.8,False
20,70,150,40,0.2,50,Azurill,298,20,normal,2.0,False
45,70,255,135,1.0,30,Nosepass,299,30,rock,97.0,False
45,70,255,45,0.6,50,Skitty,300,50,normal,11.0,False
65,70,60,65,1.1,70,Delcatty,301,90,normal,32.6,False
85,35,45,125,0.5,50,Sableye,302,20,dark,11.0,False
105,70,45,125,0.6,50,Mawile,303,50,steel,11.5,False
70,35,180,100,0.4,50,Aron,304,30,steel,60.0,False
90,35,90,140,0.9,60,Lairon,305,40,steel,120.0,False
140,35,45,230,2.1,70,Aggron,306,50,steel,360.0,False
40,70,180,55,0.6,30,Meditite,307,60,fighting,11.2,False
100,70,90,85,1.3,60,Medicham,308,100,fighting,31.5,False
45,70,120,40,0.6,40,Electrike,309,65,electric,15.2,False
75,70,45,80,1.5,70,Manectric,310,135,electric,40.2,False
50,70,200,40,0.4,60,Plusle,311,95,electric,4.2,False
40,70,200,50,0.4,60,Minun,312,95,electric,4.2,False
73,70,150,75,0.7,65,Volbeat,313,85,bug,17.7,False
47,70,150,75,0.6,65,Illumise,314,85,bug,17.7,False
60,70,150,45,0.3,50,Roselia,315,65,grass,2.0,False
43,70,225,53,0.4,70,Gulpin,316,40,poison,10.3,False
73,70,75,83,1.7,100,Swalot,317,55,poison,80.0,False
90,35,225,20,0.8,45,Carvanha,318,65,water,20.8,False
140,35,60,70,1.8,70,Sharpedo,319,105,water,88.8,False
70,70,125,35,2.0,130,Wailmer,320,60,water,130.0,False
90,70,60,45,14.5,170,Wailord,321,60,water,398.0,False
60,70,255,40,0.7,60,Numel,322,35,fire,24.0,False
120,70,150,100,1.9,70,Camerupt,323,20,fire,220.0,False
85,70,90,140,0.5,70,Torkoal,324,20,fire,80.4,False
25,70,255,35,0.7,60,Spoink,325,60,psychic,30.6,False
45,70,60,65,0.9,80,Grumpig,326,80,psychic,71.5,False
60,70,255,60,1.1,60,Spinda,327,60,normal,5.0,False
100,70,255,45,0.7,45,Trapinch,328,10,ground,15.0,False
70,70,120,50,1.1,50,Vibrava,329,70,ground,15.3,False
100,70,45,80,2.0,80,Flygon,330,100,ground,82.0,False
85,35,190,40,0.4,50,Cacnea,331,35,grass,51.3,False
115,35,60,60,1.3,70,Cacturne,332,55,grass,77.4,False
40,70,255,60,0.4,45,Swablu,333,50,normal,1.2,False
110,70,45,110,1.1,75,Altaria,334,80,dragon,20.6,False
115,70,90,60,1.3,73,Zangoose,335,90,normal,40.3,False
100,70,90,60,2.7,73,Seviper,336,65,poison,52.5,False
55,70,45,65,1.0,90,Lunatone,337,70,rock,168.0,False
95,70,45,85,1.2,90,Solrock,338,70,rock,154.0,False
48,70,190,43,0.4,50,Barboach,339,60,water,1.9,False
78,70,75,73,0.9,110,Whiscash,340,60,water,23.6,False
80,70,205,65,0.6,43,Corphish,341,35,water,11.5,False
120,70,155,85,1.1,63,Crawdaunt,342,55,water,32.8,False
40,70,255,55,0.5,40,Baltoy,343,55,ground,21.5,False
70,70,90,105,1.5,60,Claydol,344,75,ground,108.0,False
41,70,45,77,1.0,66,Lileep,345,23,rock,23.8,False
81,70,45,97,1.5,86,Cradily,346,43,rock,60.4,False
95,70,45,50,0.7,45,Anorith,347,75,rock,12.5,False
125,70,45,100,1.5,75,Armaldo,348,45,rock,68.2,False
15,70,255,20,0.6,20,Feebas,349,80,water,7.4,False
60,70,60,79,6.2,95,Milotic,350,81,water,162.0,False
70,70,45,70,0.3,70,Castform,351,70,normal,0.8,False
90,70,200,70,1.0,60,Kecleon,352,40,normal,22.0,False
75,35,225,35,0.6,44,Shuppet,353,45,ghost,2.3,False
165,35,45,75,1.1,64,Banette,354,75,ghost,12.5,False
40,35,190,90,0.8,20,Duskull,355,25,ghost,15.0,False
70,35,90,130,1.6,40,Dusclops,356,25,ghost,30.6,False
68,70,200,83,2.0,99,Tropius,357,51,grass,100.0,False
50,70,45,80,0.6,75,Chimecho,358,65,psychic,1.0,False
150,35,30,60,1.2,65,Absol,359,115,dark,47.0,False
23,70,125,48,0.6,95,Wynaut,360,23,psychic,14.0,False
50,70,190,50,0.7,50,Snorunt,361,50,ice,16.8,False
120,70,75,80,1.5,80,Glalie,362,100,ice,256.5,False
40,70,255,50,0.8,70,Spheal,363,25,ice,39.5,False
60,70,120,70,1.1,90,Sealeo,364,45,ice,87.6,False
80,70,45,90,1.4,110,Walrein,365,65,ice,150.6,False
64,70,255,85,0.4,35,Clamperl,366,32,water,52.5,False
104,70,60,105,1.7,55,Huntail,367,52,water,27.0,False
84,70,60,105,1.8,55,Gorebyss,368,52,water,22.6,False
90,70,25,130,1.0,100,Relicanth,369,55,water,23.4,False
30,70,225,55,0.6,43,Luvdisc,370,97,water,8.7,False
75,35,45,60,0.6,45,Bagon,371,50,dragon,42.1,False
95,35,45,100,1.1,65,Shelgon,372,50,dragon,110.5,False
145,35,45,130,1.5,95,Salamence,373,120,dragon,102.6,False
55,35,3,80,0.6,40,Beldum,374,30,steel,95.2,False
75,35,3,100,1.2,60,Metang,375,50,steel,202.5,False
145,35,3,150,1.6,80,Metagross,376,110,steel,550.0,False
100,35,3,200,1.7,80,Regirock,377,50,rock,230.0,True
50,35,3,100,1.8,80,Regice,378,50,ice,175.0,True
75,35,3,150,1.9,80,Registeel,379,50,steel,205.0,True
100,90,3,120,1.4,80,Latias,380,110,dragon,40.0,True
130,90,3,100,2.0,80,Latios,381,110,dragon,60.0,True
150,0,3,90,4.5,100,Kyogre,382,90,water,352.0,True
180,0,3,160,3.5,100,Groudon,383,90,ground,950.0,True
180,0,45,100,7.0,105,Rayquaza,384,115,dragon,206.5,True
100,100,3,100,0.3,100,Jirachi,385,100,steel,1.1,True
95,0,3,90,1.7,50,Deoxys,386,180,psychic,60.8,True
68,70,45,64,0.4,55,Turtwig,387,31,grass,10.2,False
89,70,45,85,1.1,75,Grotle,388,36,grass,97.0,False
109,70,45,105,2.2,95,Torterra,389,56,grass,310.0,False
58,70,45,44,0.5,44,Chimchar,390,61,fire,6.2,False
78,70,45,52,0.9,64,Monferno,391,81,fire,22.0,False
104,70,45,71,1.2,76,Infernape,392,108,fire,55.0,False
51,70,45,53,0.4,53,Piplup,393,40,water,5.2,False
66,70,45,68,0.8,64,Prinplup,394,50,water,23.0,False
86,70,45,88,1.7,84,Empoleon,395,60,water,84.5,False
55,70,255,30,0.3,40,Starly,396,60,normal,2.0,False
75,70,120,50,0.6,55,Staravia,397,80,normal,15.5,False
120,70,45,70,1.2,85,Staraptor,398,100,normal,24.9,False
45,70,255,40,0.5,59,Bidoof,399,31,normal,20.0,False
85,70,127,60,1.0,79,Bibarel,400,71,normal,31.5,False
25,70,255,41,0.3,37,Kricketot,401,25,bug,2.2,False
85,70,45,51,1.0,77,Kricketune,402,65,bug,25.5,False
65,70,235,34,0.5,45,Shinx,403,45,electric,9.5,False
85,100,120,49,0.9,60,Luxio,404,60,electric,30.5,False
120,70,45,79,1.4,80,Luxray,405,70,electric,42.0,False
30,70,255,35,0.2,40,Budew,406,55,grass,1.2,False
70,70,75,65,0.9,60,Roserade,407,90,grass,14.5,False
125,70,45,40,0.9,67,Cranidos,408,58,rock,31.5,False
165,70,45,60,1.6,97,Rampardos,409,58,rock,102.5,False
42,70,45,118,0.5,30,Shieldon,410,30,rock,57.0,False
52,70,45,168,1.3,60,Bastiodon,411,30,rock,149.5,False
29,70,120,45,0.2,40,Burmy,412,36,bug,3.4,False
69,70,45,95,0.5,60,Wormadam,413,36,bug,6.5,False
94,70,45,50,0.9,70,Mothim,414,66,bug,23.3,False
30,70,120,42,0.3,30,Combee,415,70,bug,5.5,False
80,70,45,102,1.2,70,Vespiquen,416,40,bug,38.5,False
45,100,200,70,0.4,60,Pachirisu,417,95,electric,3.9,False
65,70,190,35,0.7,55,Buizel,418,85,water,29.5,False
105,70,75,55,1.1,85,Floatzel,419,115,water,33.5,False
35,70,190,45,0.4,45,Cherubi,420,35,grass,3.3,False
60,70,75,70,0.5,70,Cherrim,421,85,grass,9.3,False
48,70,190,48,0.3,76,Shellos,422,34,water,6.3,False
83,70,75,68,0.9,111,Gastrodon,423,39,water,29.9,False
100,100,45,66,1.2,75,Ambipom,424,115,normal,20.3,False
50,70,125,34,0.4,90,Drifloon,425,70,ghost,1.2,False
80,70,60,44,1.2,150,Drifblim,426,80,ghost,15.0,False
66,0,190,44,0.4,55,Buneary,427,85,normal,5.5,False
136,140,60,94,1.2,65,Lopunny,428,135,normal,33.3,False
60,35,45,60,0.9,60,Mismagius,429,105,ghost,4.4,False
125,35,30,52,0.9,100,Honchkrow,430,71,dark,27.3,False
55,70,190,42,0.5,49,Glameow,431,85,normal,3.9,False
82,70,75,64,1.0,71,Purugly,432,112,normal,43.8,False
30,70,120,50,0.2,45,Chingling,433,45,psychic,0.6,False
63,70,225,47,0.4,63,Stunky,434,74,poison,19.2,False
93,70,60,67,1.0,103,Skuntank,435,84,poison,38.0,False
24,70,255,86,0.5,57,Bronzor,436,23,steel,60.5,False
89,70,90,116,1.3,67,Bronzong,437,33,steel,187.0,False
80,70,255,95,0.5,50,Bonsly,438,10,rock,15.0,False
25,70,145,45,0.6,20,Mime Jr.,439,60,psychic,13.0,False
5,140,130,5,0.6,100,Happiny,440,30,normal,24.4,False
65,35,30,45,0.5,76,Chatot,441,91,normal,1.9,False
92,70,100,108,1.0,50,Spiritomb,442,35,ghost,108.0,False
70,70,45,45,0.7,58,Gible,443,42,dragon,20.5,False
90,70,45,65,1.4,68,Gabite,444,82,dragon,56.0,False
170,70,45,115,1.9,108,Garchomp,445,92,dragon,95.0,False
85,70,50,40,0.6,135,Munchlax,446,5,normal,105.0,False
70,70,75,40,0.7,40,Riolu,447,60,fighting,20.2,False
145,70,45,88,1.2,70,Lucario,448,112,fighting,54.0,False
72,70,140,78,0.8,68,Hippopotas,449,32,ground,49.5,False
112,70,60,118,2.0,108,Hippowdon,450,47,ground,300.0,False
50,70,120,90,0.8,40,Skorupi,451,65,poison,12.0,False
90,70,45,110,1.3,70,Drapion,452,95,poison,61.5,False
61,100,140,40,0.7,48,Croagunk,453,50,poison,23.0,False
106,70,75,65,1.3,83,Toxicroak,454,85,poison,44.4,False
100,70,200,72,1.4,74,Carnivine,455,46,grass,27.0,False
49,70,190,56,0.4,49,Finneon,456,66,water,7.0,False
69,70,75,76,1.2,69,Lumineon,457,91,water,24.0,False
20,70,25,50,1.0,45,Mantyke,458,50,water,65.0,False
62,70,120,50,1.0,60,Snover,459,40,grass,50.5,False
132,70,60,105,2.2,90,Abomasnow,460,30,grass,135.5,False
120,35,45,65,1.1,70,Weavile,461,125,dark,34.0,False
70,70,30,115,1.2,70,Magnezone,462,60,electric,180.0,False
85,70,30,95,1.7,110,Lickilicky,463,50,normal,140.0,False
140,70,30,130,2.4,115,Rhyperior,464,40,ground,282.8,False
100,70,30,125,2.0,100,Tangrowth,465,50,grass,128.6,False
123,70,30,67,1.8,75,Electivire,466,95,electric,138.6,False
95,70,30,67,1.6,75,Magmortar,467,83,fire,68.0,False
50,70,30,95,1.5,85,Togekiss,468,80,fairy,38.0,False
76,70,30,86,1.9,86,Yanmega,469,95,bug,51.5,False
110,35,45,130,1.0,65,Leafeon,470,95,grass,25.5,False
60,35,45,110,0.8,65,Glaceon,471,65,ice,25.9,False
95,70,30,125,2.0,75,Gliscor,472,95,ground,42.5,False
130,70,50,80,2.5,110,Mamoswine,473,80,ice,291.0,False
80,70,30,70,0.9,85,Porygon-Z,474,90,normal,34.0,False
165,35,45,95,1.6,68,Gallade,475,110,psychic,52.0,False
55,70,60,145,1.4,60,Probopass,476,40,rock,340.0,False
100,35,45,135,2.2,45,Dusknoir,477,45,ghost,106.6,False
80,70,75,70,1.3,70,Froslass,478,110,ice,26.6,False
65,70,45,107,0.3,50,Rotom,479,86,electric,0.3,False
75,140,3,130,0.3,75,Uxie,480,95,psychic,0.3,True
105,140,3,105,0.3,80,Mesprit,481,80,psychic,0.3,True
125,140,3,70,0.3,75,Azelf,482,115,psychic,0.3,True
120,0,3,120,5.4,100,Dialga,483,90,steel,683.0,True
120,0,3,100,4.2,90,Palkia,484,100,water,336.0,True
90,100,3,106,1.7,91,Heatran,485,77,fire,430.0,True
160,0,3,110,3.7,110,Regigigas,486,100,normal,420.0,True
120,0,3,100,4.5,150,Giratina,487,90,ghost,750.0,True
70,100,3,120,1.5,120,Cresselia,488,85,psychic,85.6,True
80,70,30,80,0.4,80,Phione,489,80,water,3.1,False
100,70,3,100,0.3,100,Manaphy,490,100,water,1.4,True
90,0,3,90,1.5,70,Darkrai,491,125,dark,50.5,True
103,100,45,75,0.2,100,Shaymin,492,127,grass,2.1,True
120,0,3,120,3.2,120,Arceus,493,120,normal,320.0,True
100,100,3,100,0.4,100,Victini,494,100,psychic,4.0,True
45,70,45,55,0.6,45,Snivy,495,63,grass,8.1,False
60,70,45,75,0.8,60,Servine,496,83,grass,16.0,False
75,70,45,95,3.3,75,Serperior,497,113,grass,63.0,False
63,70,45,45,0.5,65,Tepig,498,45,fire,9.9,False
93,70,45,55,1.0,90,Pignite,499,55,fire,55.5,False
123,70,45,65,1.6,110,Emboar,500,65,fire,150.0,False
55,70,45,45,0.5,55,Oshawott,501,45,water,5.9,False
75,70,45,60,0.8,75,Dewott,502,60,water,24.5,False
100,70,45,85,1.5,95,Samurott,503,70,water,94.6,False
55,70,255,39,0.5,45,Patrat,504,42,normal,11.6,False
85,70,255,69,1.1,60,Watchog,505,77,normal,27.0,False
60,70,255,45,0.4,45,Lillipup,506,55,normal,4.1,False
80,70,120,65,0.9,65,Herdier,507,60,normal,14.7,False
110,70,45,90,1.2,85,Stoutland,508,80,normal,61.0,False
50,70,255,37,0.4,41,Purrloin,509,66,dark,10.1,False
88,70,90,50,1.1,64,Liepard,510,106,dark,37.5,False
53,70,190,48,0.6,50,Pansage,511,64,grass,10.5,False
98,70,75,63,1.1,75,Simisage,512,101,grass,30.5,False
53,70,190,48,0.6,50,Pansear,513,64,fire,11.0,False
98,70,75,63,1.0,75,Simisear,514,101,fire,28.0,False
53,70,190,48,0.6,50,Panpour,515,64,water,13.5,False
98,70,75,63,1.0,75,Simipour,516,101,water,29.0,False
25,70,190,45,0.6,76,Munna,517,24,psychic,23.3,False
55,70,75,85,1.1,116,Musharna,518,29,psychic,60.5,False
55,70,255,50,0.3,50,Pidove,519,43,normal,2.1,False
77,70,120,62,0.6,62,Tranquill,520,65,normal,15.0,False
115,70,45,80,1.2,80,Unfezant,521,93,normal,29.0,False
60,70,190,32,0.8,45,Blitzle,522,76,electric,29.8,False
100,70,75,63,1.6,75,Zebstrika,523,116,electric,79.5,False
75,70,255,85,0.4,55,Roggenrola,524,15,rock,18.0,False
105,70,120,105,0.9,70,Boldore,525,20,rock,102.0,False
135,70,45,130,1.7,85,Gigalith,526,25,rock,260.0,False
45,70,190,43,0.4,65,Woobat,527,72,psychic,2.1,False
57,70,45,55,0.9,67,Swoobat,528,114,psychic,10.5,False
85,70,120,40,0.3,60,Drilbur,529,68,ground,8.5,False
135,70,60,60,0.7,110,Excadrill,530,88,ground,40.4,False
60,70,255,126,1.1,103,Audino,531,50,normal,31.0,False
80,70,180,55,0.6,75,Timburr,532,35,fighting,12.5,False
105,70,90,85,1.2,85,Gurdurr,533,40,fighting,40.0,False
140,70,45,95,1.4,105,Conkeldurr,534,45,fighting,87.0,False
50,70,255,40,0.5,50,Tympole,535,64,water,4.5,False
65,70,120,55,0.8,75,Palpitoad,536,69,water,17.0,False
95,70,45,75,1.5,105,Seismitoad,537,74,water,62.0,False
100,70,45,85,1.3,120,Throh,538,45,fighting,55.5,False
125,70,45,75,1.4,75,Sawk,539,85,fighting,51.0,False
53,70,255,70,0.3,45,Sewaddle,540,42,bug,2.5,False
63,70,120,90,0.5,55,Swadloon,541,42,bug,7.3,False
103,70,45,80,1.2,75,Leavanny,542,92,bug,20.5,False
45,70,255,59,0.4,30,Venipede,543,57,bug,5.3,False
55,70,120,99,1.2,40,Whirlipede,544,47,bug,58.5,False
100,70,45,89,2.5,60,Scolipede,545,112,bug,200.5,False
27,70,190,60,0.3,40,Cottonee,546,66,grass,0.6,False
67,70,75,85,0.7,60,Whimsicott,547,116,grass,6.6,False
35,70,190,50,0.5,45,Petilil,548,30,grass,6.6,False
60,70,75,75,1.1,70,Lilligant,549,90,grass,16.3,False
92,70,25,65,1.0,70,Basculin,550,98,water,18.0,False
72,70,180,35,0.7,50,Sandile,551,65,ground,15.2,False
82,70,90,45,1.0,60,Krokorok,552,74,ground,33.4,False
117,70,45,80,1.5,95,Krookodile,553,92,ground,96.3,False
90,70,120,45,0.6,70,Darumaka,554,50,fire,37.5,False
30,70,60,105,1.3,105,Darmanitan,555,55,fire,92.9,False
86,70,255,67,1.0,75,Maractus,556,60,grass,28.0,False
65,70,190,85,0.3,50,Dwebble,557,55,bug,14.5,False
105,70,75,125,1.4,70,Crustle,558,45,bug,200.0,False
75,35,180,70,0.6,50,Scraggy,559,48,dark,11.8,False
90,70,90,115,1.1,65,Scrafty,560,58,dark,30.0,False
58,70,45,80,1.4,72,Sigilyph,561,97,psychic,14.0,False
30,70,190,85,0.5,38,Yamask,562,30,ghost,1.5,False
50,70,90,145,1.7,58,Cofagrigus,563,30,ghost,76.5,False
78,70,45,103,0.7,54,Tirtouga,564,22,water,16.5,False
108,70,45,133,1.2,74,Carracosta,565,32,water,81.0,False
112,70,45,45,0.5,55,Archen,566,70,rock,9.5,False
140,70,45,65,1.4,75,Archeops,567,110,rock,32.0,False
50,70,190,62,0.6,50,Trubbish,568,65,poison,31.0,False
95,70,60,82,1.9,80,Garbodor,569,75,poison,107.3,False
65,70,75,40,0.7,40,Zorua,570,65,dark,12.5,False
105,70,45,60,1.6,60,Zoroark,571,105,dark,81.1,False
50,70,255,40,0.4,55,Minccino,572,75,normal,5.8,False
95,70,60,60,0.5,75,Cinccino,573,115,normal,7.5,False
30,70,200,50,0.4,45,Gothita,574,45,psychic,5.8,False
45,70,100,70,0.7,60,Gothorita,575,55,psychic,18.0,False
55,70,50,95,1.5,70,Gothitelle,576,65,psychic,44.0,False
30,70,200,40,0.3,45,Solosis,577,20,psychic,1.0,False
40,70,100,50,0.6,65,Duosion,578,30,psychic,8.0,False
65,70,50,75,1.0,110,Reuniclus,579,30,psychic,20.1,False
44,70,190,50,0.5,62,Ducklett,580,55,water,5.5,False
87,70,45,63,1.3,75,Swanna,581,98,water,24.2,False
50,70,255,50,0.4,36,Vanillite,582,44,ice,5.7,False
65,70,120,65,1.1,51,Vanillish,583,59,ice,41.0,False
95,70,45,85,1.3,71,Vanilluxe,584,79,ice,57.5,False
60,70,190,50,0.6,60,Deerling,585,75,normal,19.5,False
100,70,75,70,1.9,80,Sawsbuck,586,95,normal,92.5,False
75,70,200,60,0.4,55,Emolga,587,103,electric,5.0,False
75,70,200,45,0.5,50,Karrablast,588,60,bug,5.9,False
135,70,75,105,1.0,70,Escavalier,589,20,bug,33.0,False
55,70,190,45,0.2,69,Foongus,590,15,grass,1.0,False
85,70,75,70,0.6,114,Amoonguss,591,30,grass,10.5,False
40,70,190,50,1.2,55,Frillish,592,40,water,33.0,False
60,70,60,70,2.2,100,Jellicent,593,60,water,135.0,False
75,70,75,80,1.2,165,Alomomola,594,65,water,31.6,False
47,70,190,50,0.1,50,Joltik,595,65,bug,0.6,False
77,70,75,60,0.8,70,Galvantula,596,108,bug,14.3,False
50,70,255,91,0.6,44,Ferroseed,597,10,grass,18.8,False
94,70,90,131,1.0,74,Ferrothorn,598,20,grass,110.0,False
55,70,130,70,0.3,40,Klink,599,30,steel,21.0,False
80,70,60,95,0.6,60,Klang,600,50,steel,51.0,False
100,70,30,115,0.6,60,Klinklang,601,90,steel,81.0,False
55,70,190,40,0.2,35,Tynamo,602,60,electric,0.3,False
85,70,60,70,1.2,65,Eelektrik,603,40,electric,22.0,False
115,70,30,80,2.1,85,Eelektross,604,50,electric,80.5,False
55,70,255,55,0.5,55,Elgyem,605,30,psychic,9.0,False
75,70,90,75,1.0,75,Beheeyem,606,40,psychic,34.5,False
30,70,190,55,0.3,50,Litwick,607,20,ghost,3.1,False
40,70,90,60,0.6,60,Lampent,608,55,ghost,13.0,False
55,70,45,90,1.0,60,Chandelure,609,80,ghost,34.3,False
87,35,75,60,0.6,46,Axew,610,57,dragon,18.0,False
117,35,60,70,1.0,66,Fraxure,611,67,dragon,36.0,False
147,35,45,90,1.8,76,Haxorus,612,97,dragon,105.5,False
70,70,120,40,0.5,55,Cubchoo,613,40,ice,8.5,False
130,70,60,80,2.6,95,Beartic,614,50,ice,260.0,False
50,70,25,50,1.1,80,Cryogonal,615,105,ice,148.0,False
40,70,200,85,0.4,50,Shelmet,616,25,bug,7.7,False
70,70,75,40,0.8,80,Accelgor,617,145,bug,25.3,False
66,70,75,84,0.7,109,Stunfisk,618,32,ground,11.0,False
85,70,180,50,0.9,45,Mienfoo,619,65,fighting,20.0,False
125,70,45,60,1.4,65,Mienshao,620,105,fighting,35.5,False
120,70,45,90,1.6,77,Druddigon,621,48,dragon,139.0,False
74,70,190,50,1.0,59,Golett,622,35,ground,92.0,False
124,70,90,80,2.8,89,Golurk,623,55,ground,330.0,False
85,35,120,70,0.5,45,Pawniard,624,60,dark,10.2,False
125,35,45,100,1.6,65,Bisharp,625,70,dark,70.0,False
110,70,45,95,1.6,95,Bouffalant,626,55,normal,94.6,False
83,70,190,50,0.5,70,Rufflet,627,60,normal,10.5,False
123,70,60,75,1.5,100,Braviary,628,80,normal,41.0,False
55,35,190,75,0.5,70,Vullaby,629,60,dark,9.0,False
65,35,60,105,1.2,110,Mandibuzz,630,80,dark,39.5,False
97,70,90,66,1.4,85,Heatmor,631,65,fire,58.0,False
109,70,90,112,0.3,58,Durant,632,109,bug,33.0,False
65,35,45,50,0.8,52,Deino,633,38,dark,17.3,False
85,35,45,70,1.4,72,Zweilous,634,58,dark,50.0,False
105,35,45,90,1.8,92,Hydreigon,635,98,dark,160.0,False
85,70,45,55,1.1,55,Larvesta,636,60,bug,28.8,False
60,70,15,65,1.6,85,Volcarona,637,100,bug,46.0,False
90,35,3,129,2.1,91,Cobalion,638,108,steel,250.0,True
129,35,3,90,1.9,91,Terrakion,639,108,rock,260.0,True
90,35,3,72,2.0,91,Virizion,640,108,grass,200.0,True
100,90,3,80,1.5,79,Tornadus,641,121,flying,63.0,True
105,90,3,70,1.5,79,Thundurus,642,101,electric,61.0,True
120,0,3,100,3.2,100,Reshiram,643,90,dragon,330.0,True
150,0,3,120,2.9,100,Zekrom,644,90,dragon,345.0,True
145,90,3,90,1.5,89,Landorus,645,91,ground,68.0,True
120,0,3,90,3.0,125,Kyurem,646,95,dragon,325.0,True
72,35,3,90,1.4,91,Keldeo,647,108,water,48.5,True
128,100,3,90,0.6,100,Meloetta,648,128,normal,6.5,True
120,0,3,95,1.5,71,Genesect,649,99,bug,82.5,True
61,70,45,65,0.4,56,Chespin,650,38,grass,9.0,False
78,70,45,95,0.7,61,Quilladin,651,57,grass,29.0,False
107,70,45,122,1.6,88,Chesnaught,652,64,grass,90.0,False
45,70,45,40,0.4,40,Fennekin,653,60,fire,9.4,False
59,70,45,58,1.0,59,Braixen,654,73,fire,14.5,False
69,70,45,72,1.5,75,Delphox,655,104,fire,39.0,False
56,70,45,40,0.3,41,Froakie,656,71,water,7.0,False
63,70,45,52,0.6,54,Frogadier,657,97,water,10.9,False
145,70,45,67,1.5,72,Greninja,658,132,water,40.0,False
36,70,255,38,0.4,38,Bunnelby,659,57,normal,5.0,False
56,70,127,77,1.0,85,Diggersby,660,78,normal,42.4,False
50,70,255,43,0.3,45,Fletchling,661,62,normal,1.7,False
73,70,120,55,0.7,62,Fletchinder,662,84,fire,16.0,False
81,70,45,71,1.2,78,Talonflame,663,126,fire,24.5,False
35,70,255,40,0.3,38,Scatterbug,664,35,bug,2.5,False
22,70,120,60,0.3,45,Spewpa,665,29,bug,8.4,False
52,70,45,50,1.2,80,Vivillon,666,89,bug,17.0,False
50,70,220,58,0.6,62,Litleo,667,72,fire,13.5,False
68,70,65,72,1.5,86,Pyroar,668,106,fire,81.5,False
38,70,225,39,0.1,44,Flabébé,669,42,fairy,0.1,False
65,70,120,67,0.2,74,Floette,670,92,fairy,0.9,False
65,70,45,68,1.1,78,Florges,671,75,fairy,10.0,False
65,70,200,48,0.9,66,Skiddo,672,52,grass,31.0,False
100,70,45,62,1.7,123,Gogoat,673,68,grass,91.0,False
82,70,220,62,0.6,67,Pancham,674,43,fighting,8.0,False
124,70,65,78,2.1,95,Pangoro,675,58,fighting,136.0,False
80,70,160,60,1.2,75,Furfrou,676,102,normal,28.0,False
48,70,190,54,0.3,62,Espurr,677,68,psychic,3.5,False
48,70,75,76,0.6,74,Meowstic,678,104,psychic,8.5,False
80,70,180,100,0.8,45,Honedge,679,28,steel,2.0,False
110,70,90,150,0.8,59,Doublade,680,35,steel,4.5,False
150,70,45,50,1.7,60,Aegislash,681,60,steel,53.0,False
52,70,200,60,0.2,78,Spritzee,682,23,fairy,0.5,False
72,70,140,72,0.8,101,Aromatisse,683,29,fairy,15.5,False
48,70,200,66,0.4,62,Swirlix,684,49,fairy,3.5,False
80,70,140,86,0.8,82,Slurpuff,685,72,fairy,5.0,False
54,70,190,53,0.4,53,Inkay,686,45,dark,3.5,False
92,70,80,88,1.5,86,Malamar,687,73,dark,47.0,False
52,70,120,67,0.5,42,Binacle,688,50,rock,31.0,False
105,70,45,115,1.3,72,Barbaracle,689,68,rock,96.0,False
60,70,225,60,0.5,50,Skrelp,690,30,poison,7.3,False
75,70,55,90,1.8,65,Dragalge,691,44,poison,81.5,False
53,70,225,62,0.5,50,Clauncher,692,44,water,8.3,False
73,70,55,88,1.3,71,Clawitzer,693,59,water,35.3,False
38,70,190,33,0.5,44,Helioptile,694,70,electric,6.0,False
55,70,75,52,1.0,62,Heliolisk,695,109,electric,21.0,False
89,70,45,77,0.8,58,Tyrunt,696,48,rock,26.0,False
121,70,45,119,2.5,82,Tyrantrum,697,71,rock,270.0,False
59,70,45,50,1.3,77,Amaura,698,46,rock,25.2,False
77,70,45,72,2.7,123,Aurorus,699,58,rock,225.0,False
65,70,45,65,1.0,95,Sylveon,700,60,fairy,23.5,False
92,70,100,75,0.8,78,Hawlucha,701,118,fighting,21.5,False
58,70,180,57,0.2,67,Dedenne,702,101,electric,2.2,False
50,70,60,150,0.3,50,Carbink,703,50,rock,5.7,False
50,35,45,35,0.3,45,Goomy,704,40,dragon,2.8,False
75,35,45,53,0.8,68,Sliggoo,705,60,dragon,17.5,False
100,35,45,70,2.0,90,Goodra,706,80,dragon,150.5,False
80,70,75,91,0.2,57,Klefki,707,75,steel,3.0,False
70,70,120,48,0.4,43,Phantump,708,38,ghost,7.0,False
110,70,60,76,1.5,85,Trevenant,709,56,ghost,71.0,False
66,70,120,70,0.8,59,Pumpkaboo,710,41,ghost,15.0,False
100,70,60,122,1.7,85,Gourgeist,711,54,ghost,39.0,False
69,70,190,85,1.0,55,Bergmite,712,28,ice,99.5,False
117,70,55,184,2.0,95,Avalugg,713,28,ice,505.0,False
30,70,190,35,0.5,40,Noibat,714,55,flying,8.0,False
70,70,45,80,1.5,85,Noivern,715,123,flying,85.0,False
131,0,45,95,3.0,126,Xerneas,716,99,fairy,215.0,True
131,0,45,95,5.8,126,Yveltal,717,99,dark,203.0,True
100,0,3,121,5.0,216,Zygarde,718,85,dragon,284.6,True
160,70,3,110,0.7,50,Diancie,719,110,rock,8.8,True
110,100,3,120,1.7,80,Volcanion,721,70,fire,195.0,True
55,70,45,55,0.3,68,Rowlet,722,42,grass,1.5,False
75,70,45,75,0.7,78,Dartrix,723,52,grass,16.0,False
107,70,45,75,1.6,78,Decidueye,724,70,grass,36.6,False
65,70,45,40,0.4,45,Litten,725,70,fire,4.3,False
85,70,45,50,0.7,65,Torracat,726,90,fire,25.0,False
115,70,45,90,1.8,95,Incineroar,727,60,fire,83.0,False
54,70,45,54,0.4,50,Popplio,728,40,water,7.5,False
69,70,45,69,0.6,60,Brionne,729,50,water,17.5,False
74,70,45,74,1.8,80,Primarina,730,60,water,44.0,False
75,70,255,30,0.3,35,Pikipek,731,65,normal,1.2,False
85,70,120,50,0.6,55,Trumbeak,732,75,normal,14.8,False
120,70,45,75,1.1,80,Toucannon,733,60,normal,26.0,False
70,70,255,30,0.4,48,Yungoos,734,45,normal,6.0,False
110,70,127,60,0.7,88,Gumshoos,735,45,normal,14.2,False
62,70,255,45,0.4,47,Grubbin,736,46,bug,4.4,False
82,70,120,95,0.5,57,Charjabug,737,36,bug,10.5,False
70,70,45,90,1.5,77,Vikavolt,738,43,bug,45.0,False
82,70,225,57,0.6,47,Crabrawler,739,63,fighting,7.0,False
132,70,60,77,1.7,97,Crabominable,740,43,fighting,180.0,False
70,70,45,70,0.6,75,Oricorio,741,93,fire,3.4,False
45,70,190,40,0.1,40,Cutiefly,742,84,bug,0.2,False
55,70,75,60,0.2,60,Ribombee,743,124,bug,0.5,False
65,70,190,40,0.5,45,Rockruff,744,60,rock,9.2,False
140,70,60,130,0.2,45,Wishiwashi,746,30,water,0.3,False
53,70,190,62,0.4,50,Mareanie,747,45,poison,8.0,False
63,70,75,152,0.7,50,Toxapex,748,35,poison,14.5,False
100,70,190,70,1.0,70,Mudbray,749,45,ground,110.0,False
125,70,60,100,2.5,100,Mudsdale,750,35,ground,920.0,False
40,70,200,52,0.3,38,Dewpider,751,27,water,4.0,False
70,70,100,92,1.8,68,Araquanid,752,42,water,82.0,False
55,70,190,35,0.3,40,Fomantis,753,35,grass,1.5,False
105,70,75,90,0.9,70,Lurantis,754,45,grass,18.5,False
35,70,190,55,0.2,40,Morelull,755,15,grass,1.5,False
45,70,75,80,1.0,60,Shiinotic,756,30,grass,11.5,False
44,70,120,40,0.6,48,Salandit,757,77,poison,4.8,False
64,70,45,60,1.2,68,Salazzle,758,117,poison,22.2,False
75,70,140,50,0.5,70,Stufful,759,50,normal,6.8,False
125,70,70,80,2.1,120,Bewear,760,60,normal,135.0,False
30,70,235,38,0.3,42,Bounsweet,761,32,grass,3.2,False
40,70,120,48,0.7,52,Steenee,762,62,grass,8.2,False
120,70,45,98,1.2,72,Tsareena,763,72,grass,21.4,False
52,70,60,90,0.1,51,Comfey,764,100,fairy,0.3,False
60,70,45,80,1.5,90,Oranguru,765,60,normal,76.0,False
120,70,45,90,2.0,100,Passimian,766,80,fighting,82.8,False
35,70,90,40,0.5,25,Wimpod,767,80,bug,12.0,False
125,70,45,140,2.0,75,Golisopod,768,40,bug,108.0,False
55,70,140,80,0.5,55,Sandygast,769,15,ghost,70.0,False
75,70,60,110,1.3,85,Palossand,770,35,ghost,250.0,False
60,70,60,130,0.3,55,Pyukumuku,771,5,water,1.2,False
95,0,3,95,1.9,95,Type: Null,772,59,normal,120.5,False
95,0,3,95,2.3,95,Silvally,773,95,normal,100.5,False
115,70,45,65,0.4,65,Komala,775,65,normal,19.9,False
78,70,70,135,2.0,60,Turtonator,776,36,fire,212.0,False
98,70,180,63,0.3,65,Togedemaru,777,96,electric,3.3,False
90,70,45,80,0.2,55,Mimikyu,778,96,ghost,0.7,False
105,70,80,70,0.9,68,Bruxish,779,92,water,19.0,False
60,70,70,85,3.0,78,Drampa,780,36,normal,185.0,False
131,70,25,100,3.9,70,Dhelmise,781,40,ghost,210.0,False
55,70,45,65,0.6,45,Jangmo-o,782,45,dragon,29.7,False
75,70,45,90,1.2,55,Hakamo-o,783,65,dragon,47.0,False
110,70,45,125,1.6,75,Kommo-o,784,85,dragon,78.2,False
115,70,3,85,1.8,70,Tapu Koko,785,130,electric,20.5,True
85,70,3,75,1.2,70,Tapu Lele,786,95,psychic,18.6,True
130,70,3,115,1.9,70,Tapu Bulu,787,75,grass,45.5,True
75,70,3,115,1.3,70,Tapu Fini,788,85,water,21.2,True
29,0,45,31,0.2,43,Cosmog,789,37,psychic,0.1,True
29,0,45,131,0.1,43,Cosmoem,790,37,psychic,999.9,True
137,0,45,107,3.4,137,Solgaleo,791,97,psychic,230.0,True
113,0,45,89,4.0,137,Lunala,792,97,psychic,120.0,True
53,0,45,47,1.2,109,Nihilego,793,103,rock,55.5,True
139,0,25,139,2.4,107,Buzzwole,794,79,bug,333.6,True
137,0,255,37,1.8,71,Pheromosa,795,151,bug,25.0,True
89,0,30,71,3.8,83,Xurkitree,796,83,electric,100.0,True
101,0,25,103,9.2,97,Celesteela,797,61,steel,999.9,True
181,0,255,131,0.3,59,Kartana,798,109,grass,0.1,True
101,0,15,53,5.5,223,Guzzlord,799,43,dark,888.0,True
107,0,3,101,2.4,97,Necrozma,800,79,psychic,230.0,True
95,0,3,115,1.0,80,Magearna,801,65,steel,80.5,True
